Ver,Group,LocalTime,Mag,Dur(sec),AV(deg/s),Loc_Cam,TZ(h),Y(UT),M(UT),D(UT),H(UT),M,S, Dir1, Alt1, Ra1, Dec1, Ra2, Dec2,alpha,delta, , , , , ,io,err1,err2,G1,dd(deg),dr(deg),Vo(km/s),dV(%),ra_m,dec_m,refs,errm,rat,dct,voo,vooerr,tmerr,sps,sN,drop
R05B25, J8_JEO,20170525_214136,0.9,0.180,12.378, Ash_Vale_K3, 0.0,2017,05,25,21,41,36.060,189.6,55.7,257.498718,82.812263,260.221741,84.615341,159.523010,1.002485,1883459922,1564124768,3466706561,2323413086,3456491774,3,0.02129,0.00797, J8_JEO,0.0,1.5,24.2,+25.9,259.303497,84.118797,65,0.53,250.06537,-60.20468,42.910,-1.000,1.000,50.000,9,-1
R05B25, spo,20170525_222148,1.3,0.360,7.266, Ash_Vale_K3, 0.0,2017,05,25,22,21,48.920,228.8,44.9,300.092896,57.345573,298.287201,54.940365,10.029457,-12.399537,3830738235,3063745708,1327445405,495258848,1315437954,3,0.02490,0.02154, spo,0.0,-1.0,-1.0,-1.0,299.073914,56.028671,83,0.50,75.02573,48.26484,17.830,-1.000,1.000,50.000,10,-1
R05B25, J8_LLY,20170525_223114,0.1,0.120,14.242, Ash_Vale_K3, 0.0,2017,05,25,22,31,14.350,221.7,57.4,280.021820,65.327660,277.394775,66.680809,44.518044,14.582889,601418167,932597136,117321554,3661556956,95731057,3,0.02194,0.01732, J8_LLY,0.0,5.7,41.2,+17.0,278.724823,66.019264,73,0.51,5.98014,-65.38801,50.330,-1.000,1.000,50.000,7,-1
R05B25, J8_LLY,20170525_235554,1.8,0.080,4.874, Ash_Vale_K3, 0.0,2017,05,25,23,55,54.460,222.7,45.4,326.648529,61.341305,327.304199,61.873001,28.378424,-14.508005,4292593642,2852067612,1902068381,105642162,1906642536,3,0.02386,0.01266, J8_LLY,0.0,2.7,28.6,-18.9,326.813141,61.478210,79,0.45,0.00000,0.00000,-1.000,-1.000,1.000,50.000,4,-1
R05B25, spo,20170526_004701,0.4,0.100,15.895, Ash_Vale_K3, 0.0,2017,05,26,00,47,1.300,215.6,24.4,15.615718,51.719296,17.557436,52.010063,213.358109,36.924767,671431576,944680176,2081168450,3564776192,2126344698,3,0.02635,0.00487, spo,0.0,-1.0,-1.0,-1.0,16.580734,51.871342,78,0.51,0.00000,0.00000,-1.000,-1.000,1.000,50.000,5,-1
R05B25, J8_GDE,20170526_011211,1.1,0.280,14.821, Ash_Vale_K3, 0.0,2017,05,26,01,12,11.510,249.7,48.1,326.491730,46.454094,324.139984,50.299049,72.223511,14.451261,3006812111,2961792764,2469083877,1252528351,2472474640,3,0.02223,0.02271, J8_GDE,0.0,3.5,68.0,+19.8,325.388214,48.336761,68,0.45,0.00000,0.00000,-1.000,-1.000,1.000,50.000,11,-1
